{
  "[-90.80573003479273, 27.0, -92.0]": [
    "Корней нет"
  ],
  "[61.633317156714355, 78.0, 40.0]": [
    "Корней нет"
  ],
  "[-9.621567186010793, 23.0, -1.0]": [
    0.04429919762575716,
    2.3461637649403286
  ],
  "[96.58644690677156, -73.0, 48.0]": [
    "Корней нет"
  ],
  "[-41.75538937187086, 63.0, 54.0]": [
    -0.6102880085794126,
    2.1190752800601302
  ],
  "[11.903310480541165, -57.0, -84.0]": [
    5.970532133250661,
    -1.181948310861061
  ],
  "[-70.33917450450377, -91.0, -21.0]": [
    -0.9931052815830966,
    -0.30062613680557565
  ],
  "[12.11562695278188, -16.0, 56.0]": [
    "Корней нет"
  ],
  "[-18.260288951266475, 11.0, 84.0]": [
    -1.8646410621282112,
    2.4670411681373263
  ],
  "[-71.75252390265891, 89.0, 69.0]": [
    -0.5401018860437025,
    1.7804763726713702
  ],
  "[-4.674896692003784, 0.0, 83.0]": [
    -4.213597397877652,
    4.213597397877652
  ],
  "[15.933790239634376, 28.0, -99.0]": [
    1.764319268658327,
    -3.5215910526404977
  ],
  "[76.13619947845623, -87.0, 93.0]": [
    "Корней нет"
  ],
  "[61.68640702178541, -50.0, 6.0]": [
    0.6640848835708504,
    0.14646645851561294
  ]
}