{
  "[8.89792689693327, -35.0, 47.0]": [
    "Корней нет"
  ],
  "[77.85416043869392, 70.0, 95.0]": [
    "Корней нет"
  ],
  "[59.80688032652694, 16.0, 89.0]": [
    "Корней нет"
  ],
  "[-18.69575147857094, -14.0, 30.0]": [
    -1.6953369169418642,
    0.9465036851754496
  ],
  "[66.8570795408005, -19.0, 58.0]": [
    "Корней нет"
  ],
  "[46.43722764754614, 60.0, 25.0]": [
    "Корней нет"
  ],
  "[22.4605558626791, 15.0, -50.0]": [
    1.1950111342938514,
    -1.8628485685812324
  ],
  "[-95.85689034320059, 50.0, -35.0]": [
    "Корней нет"
  ],
  "[67.53231132518928, 64.0, 20.0]": [
    "Корней нет"
  ],
  "[55.49598948368222, 31.0, 87.0]": [
    "Корней нет"
  ],
  "[99.07978962641783, 36.0, 47.0]": [
    "Корней нет"
  ],
  "[66.42966778279836, 60.0, -4.0]": [
    0.062361029907099526,
    -0.9655719295337375
  ],
  "[69.8041190936112, 44.0, -38.0]": [
    0.48714845483765007,
    -1.1174837498220842
  ],
  "[-18.685606384410164, 75.0, -61.0]": [
    1.133352426610569,
    2.8804322190177496
  ],
  "[-6.150915836838507, 39.0, -97.0]": [
    "Корней нет"
  ],
  "[95.59585188919272, -9.0, -30.0]": [
    0.6092448823919268,
    -0.5150985379414154
  ],
  "[70.97899795578059, 87.0, -90.0]": [
    0.6691624819388251,
    -1.8948771652343033
  ],
  "[-59.35147090425814, -85.0, -53.0]": [
    "Корней нет"
  ],
  "[-55.34769695808248, 30.0, 12.0]": [
    -0.2677436307053295,
    0.8097716038425039
  ],
  "[92.9016637496025, 25.0, -25.0]": [
    0.4013648703142242,
    -0.6704666171611096
  ]
}