{
  "[-16.0, -14.0, 53.0]": [
    -2.309372391483992,
    1.434372391483992
  ],
  "[76.0, -54.0, -88.0]": [
    1.4884474536734271,
    -0.7779211378839533
  ],
  "[-27.0, 81.0, 52.0]": [
    -0.5435082397499469,
    3.5435082397499467
  ],
  "[-72.0, 28.0, -67.0]": [
    "Корней нет"
  ],
  "[-77.0, -61.0, -75.0]": [
    "Корней нет"
  ],
  "[47.0, 87.0, 8.0]": [
    -0.09704138415159416,
    -1.7540224456356397
  ],
  "[19.0, -28.0, -59.0]": [
    2.64686813806569,
    -1.173183927539374
  ],
  "[-91.0, 64.0, -35.0]": [
    "Корней нет"
  ],
  "[67.0, -16.0, -65.0]": [
    1.1115755137086718,
    -0.872769543559418
  ],
  "[-35.0, -48.0, 97.0]": [
    -2.4861677433357885,
    1.114739171907217
  ],
  "[28.0, 37.0, -31.0]": [
    0.5817374133427826,
    -1.903165984771354
  ],
  "[-56.0, 2.0, 81.0]": [
    -1.1849510085034936,
    1.2206652942177794
  ],
  "[-61.0, -84.0, 71.0]": [
    -1.9683685406086449,
    0.5913193602807759
  ],
  "[-82.0, -6.0, 69.0]": [
    -0.9546277960434577,
    0.8814570643361406
  ],
  "[99.0, -34.0, -70.0]": [
    1.0299464500182862,
    -0.6865121065839427
  ],
  "[-26.0, 87.0, -13.0]": [
    0.15677009709065715,
    3.189383749063189
  ],
  "[4.0, 61.0, 61.0]": [
    -1.075906551285132,
    -14.174093448714867
  ],
  "[-25.0, -85.0, 31.0]": [
    -3.7322401432901575,
    0.33224014329015744
  ],
  "[-47.0, -54.0, 99.0]": [
    -2.1353641609324447,
    0.9864279907196788
  ],
  "[38.0, 52.0, 62.0]": [
    "Корней нет"
  ],
  "[72.0, 16.0, -100.0]": [
    1.0726264307034732,
    -1.2948486529256953
  ],
  "[-53.0, 42.0, -4.0]": [
    0.11070290659581969,
    0.6817499235928596
  ],
  "[-51.0, -18.0, 21.0]": [
    -0.8419828528814565,
    0.4890416764108682
  ],
  "[-22.0, 12.0, 38.0]": [
    -1.0695293691121273,
    1.6149839145666727
  ],
  "[66.0, 20.0, 34.0]": [
    "Корней нет"
  ],
  "[-55.0, 23.0, 69.0]": [
    -0.9303231784163137,
    1.3485049965981317
  ],
  "[-16.0, -99.0, 15.0]": [
    -6.33547624731022,
    0.14797624731021974
  ],
  "[2.0, 8.0, -34.0]": [
    2.58257569495584,
    -6.58257569495584
  ],
  "[-74.0, -10.0, 27.0]": [
    -0.675375301190514,
    0.5402401660553788
  ],
  "[7.0, 7.0, 1.0]": [
    -0.17267316464601143,
    -0.8273268353539885
  ],
  "[-12.0, 94.0, -77.0]": [
    0.9294252785108466,
    6.903908054822487
  ],
  "[-86.0, 44.0, 40.0]": [
    -0.47257952387748026,
    0.9842074308542245
  ],
  "[65.0, -51.0, -96.0]": [
    1.669346611983543,
    -0.8847312273681583
  ],
  "[2.0, -30.0, 100.0]": [
    10.0,
    5.0
  ],
  "[53.0, -68.0, 27.0]": [
    "Корней нет"
  ],
  "[64.0, -22.0, 56.0]": [
    "Корней нет"
  ],
  "[18.0, -98.0, -8.0]": [
    5.524888501250986,
    -0.08044405680654204
  ],
  "[79.0, -14.0, 0.0]": [
    0.17721518987341772,
    0.0
  ],
  "[-70.0, 87.0, -3.0]": [
    0.03549655614811909,
    1.2073605867090236
  ],
  "[-92.0, 60.0, 79.0]": [
    -0.6562716111039133,
    1.3084455241473916
  ],
  "[-99.0, 12.0, 5.0]": [
    -0.1721559317535942,
    0.29336805296571544
  ],
  "[-59.0, -88.0, 38.0]": [
    -1.8413127194028684,
    0.349787295674055
  ],
  "[42.0, 74.0, 43.0]": [
    "Корней нет"
  ],
  "[-20.0, 75.0, 42.0]": [
    -0.49473099739189796,
    4.244730997391898
  ],
  "[5.0, -13.0, 47.0]": [
    "Корней нет"
  ],
  "[83.0, -29.0, -97.0]": [
    1.2697761293598104,
    -0.9203785389983646
  ],
  "[28.0, -20.0, 57.0]": [
    "Корней нет"
  ],
  "[53.0, 84.0, -67.0]": [
    0.5830952174891451,
    -2.1680008778665036
  ],
  "[-76.0, 68.0, 90.0]": [
    -0.7292152055846399,
    1.623952047689903
  ],
  "[51.0, 60.0, -18.0]": [
    0.24780414138540557,
    -1.4242747296207
  ],
  "[77.0, -86.0, 78.0]": [
    "Корней нет"
  ],
  "[20.0, 13.0, -54.0]": [
    1.35,
    -2.0
  ],
  "[56.0, 81.0, -42.0]": [
    0.40507597085147257,
    -1.8515045422800438
  ],
  "[5.0, -14.0, 68.0]": [
    "Корней нет"
  ],
  "[-37.0, -47.0, 48.0]": [
    -1.9392417017854315,
    0.6689714315151613
  ],
  "[-50.0, 57.0, 26.0]": [
    -0.34918442110383924,
    1.4891844211038392
  ],
  "[16.0, 20.0, -90.0]": [
    1.8276771087935728,
    -3.077677108793573
  ],
  "[-34.0, -94.0, -7.0]": [
    -2.688116051789595,
    -0.07658983056334634
  ],
  "[-68.0, -54.0, 29.0]": [
    -1.1613403800109576,
    0.36722273295213426
  ],
  "[-41.0, 65.0, -86.0]": [
    "Корней нет"
  ],
  "[-66.0, 37.0, 58.0]": [
    -0.6981435280663782,
    1.258749588672439
  ],
  "[83.0, -31.0, -46.0]": [
    0.954269824731894,
    -0.5807758488282797
  ],
  "[100.0, -70.0, 100.0]": [
    "Корней нет"
  ],
  "[-82.0, -90.0, -88.0]": [
    "Корней нет"
  ],
  "[74.0, 87.0, 80.0]": [
    "Корней нет"
  ],
  "[-27.0, 57.0, 13.0]": [
    -0.20764633343356353,
    2.3187574445446746
  ],
  "[23.0, 27.0, -8.0]": [
    0.24511561778281038,
    -1.4190286612610712
  ],
  "[99.0, -11.0, -26.0]": [
    0.5710288161417367,
    -0.4599177050306256
  ],
  "[2.0, 57.0, -6.0]": [
    0.10487721995559163,
    -28.60487721995559
  ],
  "[69.0, -78.0, 96.0]": [
    "Корней нет"
  ],
  "[-10.0, 83.0, 50.0]": [
    -0.564074670600796,
    8.864074670600797
  ],
  "[67.0, -88.0, 1.0]": [
    1.3019691439169339,
    0.011463691903961615
  ],
  "[-67.0, -50.0, 56.0]": [
    -1.3605805914640652,
    0.6143119347476473
  ],
  "[26.0, -63.0, 80.0]": [
    "Корней нет"
  ],
  "[-12.0, 96.0, -75.0]": [
    0.8775010008008012,
    7.122498999199199
  ],
  "[8.0, 85.0, -2.0]": [
    0.02347753462287372,
    -10.648477534622874
  ],
  "[-19.0, -55.0, 45.0]": [
    -3.5600199301501365,
    0.6652830880448736
  ],
  "[10.0, 1.0, -99.0]": [
    3.0968237955119124,
    -3.1968237955119125
  ],
  "[-41.0, 88.0, 41.0]": [
    -0.3936951174395019,
    2.540036580854136
  ],
  "[89.0, 72.0, -10.0]": [
    0.12083908887914427,
    -0.9298278529240881
  ],
  "[-53.0, 13.0, 37.0]": [
    -0.7218430359447027,
    0.9671260548126273
  ],
  "[-50.0, -17.0, 44.0]": [
    -1.1233624704172072,
    0.7833624704172071
  ],
  "[-79.0, 52.0, -87.0]": [
    "Корней нет"
  ],
  "[89.0, -67.0, 33.0]": [
    "Корней нет"
  ],
  "[99.0, -64.0, 41.0]": [
    "Корней нет"
  ],
  "[54.0, -70.0, -61.0]": [
    1.893027922093208,
    -0.5967316257969117
  ],
  "[16.0, -1.0, 14.0]": [
    "Корней нет"
  ],
  "[16.0, -49.0, 23.0]": [
    2.483734415883011,
    0.5787655841169893
  ],
  "[67.0, -26.0, 70.0]": [
    "Корней нет"
  ],
  "[47.0, 74.0, 94.0]": [
    "Корней нет"
  ],
  "[63.0, -30.0, 99.0]": [
    "Корней нет"
  ],
  "[85.0, -97.0, 88.0]": [
    "Корней нет"
  ],
  "[32.0, -98.0, -97.0]": [
    3.849865225193693,
    -0.7873652251936929
  ],
  "[18.0, 90.0, -79.0]": [
    0.7617309651301546,
    -5.7617309651301545
  ],
  "[62.0, -73.0, 11.0]": [
    1.0,
    0.1774193548387097
  ],
  "[-1.0, 41.0, 87.0]": [
    -2.022211259110417,
    43.02221125911042
  ],
  "[-86.0, 45.0, 77.0]": [
    -0.7201042351670965,
    1.243360049120585
  ],
  "[85.0, -14.0, -58.0]": [
    0.9124944641090883,
    -0.747788581756147
  ],
  "[-68.0, -88.0, 5.0]": [
    -1.3486388495221509,
    0.054521202463327256
  ],
  "[90.0, 48.0, -45.0]": [
    0.48905226991697565,
    -1.022385603250309
  ]
}